Name,ID,Arrival
Maria Garcia,24-00042,2025-11-15 17:33:30
John Doe,24-00155,2025-11-15 17:33:30
Alice Albright,24-00001,2025-11-15 17:33:30
Maria Garcia,24-00042,2025-11-15 17:33:31
John Doe,24-00155,2025-11-15 17:33:31
Alice Albright,24-00001,2025-11-15 17:33:31
Maria Garcia,24-00042,2025-11-15 17:33:30
John Doe,24-00155,2025-11-15 17:33:30
Alice Albright,24-00001,2025-11-15 17:33:30
Maria Garcia,24-00042,2025-11-15 17:33:31
John Doe,24-00155,2025-11-15 17:33:31
Alice Albright,24-00001,2025-11-15 17:33:31
